No,R,dR,VE,PE,DE,Xp,dXp,Fw,Ec,I1,Tm,Ss,Cp,Hmix,absHmix,Sc,B,G,v,c11,c12,c44,dB,dG,2G/1-v,H-TS,Fw6,B/G,HV
M-001,149.40261,0.05025746,4.217,0.1304,2.2607,1.474197,0.082853245,4.180449,6.217275,6.79672316,2311.995379,36.94,25.10186,-8.40521304,10.82450984,-1.78663867,129.5969,43.6483,0.342139,191.2874,100.4689,40.6918,0.317836301,0.397637751,132.6976367,25.93949501,5.337496182,2.969116781,427
M-002,149.69412,0.050428193,4.2723,0.0909,2.3634,1.468035,0.082652236,4.175946,6.345729,6.8335893,2374.623696,37.33263,25.14294,-5.68481328,8.32891248,-1.767684691,131.7141,44.541,0.340875,195.2532,101.7171,41.0868,0.310313713,0.386644983,135.1519059,29.21601514,5.303093014,2.957142857,396
M-003,149.97733,0.050509063,4.3212,0.0566,2.4531,1.462975,0.082290191,4.172869,6.458601,6.866986,2429.511072,37.68122,25.18366,-3.10419048,5.95280568,-1.735918446,133.5799,45.3255,0.339845,198.7378,102.8219,41.4382,0.303255565,0.37655561,137.3177511,31.9616569,5.279691004,2.947124687,353
M-004,132.42202,0.060582526,6.7175,0.3589,4.6152,1.754705,0.074746756,4.587252,3.870411,7.00916046,1462.512974,28.64331,24.55654,-10.27994776,14.88181496,-1.684487904,144.2713,80.021,0.341759,237.3176,121.0677,76.0976,0.444727357,0.729848121,243.1358727,10.20353317,9.317847367,1.802917984,650
M-005,133.38284,0.063275242,6.0012,0.4285,3.7154,1.730197,0.073438102,4.570515,3.911924,6.87903772,1462.74048,27.98845,24.57396,-16.4109218,16.4109218,-1.475249343,142.4547,82.5914,0.342886,241.766,118.8782,74.5874,0.48084636,0.742870616,251.3761691,1.530995387,9.115716951,1.724812753,640
M-006,129.60526,0.042457954,7.8317,0.0612,5.9586,1.7865,0.074574716,4.705091,4.100797,7.49746274,1773.097848,28.55986,25.1981,-7.3747174,7.80055164,-1.733991145,194.2584,121.8258,0.325053,339.27,158.6601,111.5946,0.35206636,0.395035976,360.993678,18.1885119,10.84946104,1.594558788,135
M-007,127.95604,0.039469396,7.8262,0.0652,5.9784,1.788704,0.067966457,4.709586,4.152866,7.43823348,1776.70504,28.06296,24.90216,-7.2977928,7.52458448,-1.683054352,186.2828,120.1104,0.32413,332.4164,152.5654,106.0436,0.35515257,0.41276912,355.4245639,17.56498296,10.91179984,1.550929811,147
M-008,129.36924,0.044975905,7.6478,0.0706,5.7629,1.755163,0.079338692,4.624343,3.981501,7.4168619,1730.823594,28.58168,25.07615,-7.8464672,8.39940816,-1.751068059,196.965,120.1127,0.321703,336.9431,160.5662,113.7992,0.356498829,0.395299671,354.1596085,17.35303552,9.77913038,1.639834922,182
M-009,128.62056,0.038825213,7.9028,0.0196,6.0791,1.763119,0.078668778,4.643213,4.013937,7.49534886,1774.567671,28.59698,25.12409,-5.24465528,5.85993864,-1.674434124,203.2176,125.3861,0.319051,349.7237,165.3704,118.2872,0.328242937,0.342431258,368.2686956,19.46102228,10.02101334,1.620734675,180
M-010,128.88518,0.041326639,7.8075,0.0385,5.9613,1.759994,0.0789506,4.635755,4.001514,7.46551004,1758.177511,28.58845,25.10381,-6.24459636,6.836265,-1.710621965,200.8799,123.4191,0.320002,344.9519,163.5733,116.612,0.338966953,0.362543627,362.9984206,18.76190318,9.924824877,1.627624087,171
M-011,132.10435,0.059378745,6.4602,0.3078,4.3833,1.781326,0.091788544,4.616394,4.214798,7.03102604,1653.759089,27.98957,24.58977,-14.29521784,14.29521784,-1.711667263,160.7376,94.7456,0.335358,280.552,128.899,83.5198,0.451719194,0.625210371,285.1026568,9.240515033,9.678703981,1.696517833,605
M-012,128.00942,0.043267489,7.6659,0.1111,5.7772,1.796487,0.06264493,4.730638,4.200691,7.37319594,1756.21025,27.80833,24.7753,-9.08460256,9.08460256,-1.581035636,175.4269,115.0996,0.327745,318.1904,144.3189,98.2124,0.371407473,0.467065208,342.428394,14.0016958,11.20774642,1.524131274,198
M-013,127.35136,0.036151592,7.8852,0.0698,6.0476,1.805706,0.059550206,4.753034,4.239668,7.43995632,1795.002615,27.79394,24.8096,-7.27256464,7.27256464,-1.542744025,179.7782,119.3708,0.32588,328.2472,147.6792,101.3212,0.353026272,0.428907956,354.1529698,15.75219453,11.5298996,1.50604838,166
M-014,126.94672,0.032408251,8.0529,0.0526,6.2108,1.814224,0.05672577,4.764758,4.260563,7.48888519,1801.09448,27.86852,24.89486,-6.36952456,6.36952456,-1.513600917,176.4177,122.1098,0.323154,323.5225,149.1606,103.4245,0.35462573,0.425764609,360.8200388,16.29695197,11.70159566,1.44474645,197
M-015,126.83248,0.03308963,8.1669,0.0555,6.2781,1.822785,0.054268681,4.77946,4.269489,7.52899659,1782.862551,28.09427,24.9778,-6.28131592,6.28131592,-1.504994744,171.8388,121.7289,0.319444,313.7923,149.726,103.5046,0.355494739,0.438556373,357.7336766,16.02814024,11.91991031,1.411651629,199
M-016,126.69276,0.033826298,8.2935,0.0588,6.3525,1.832182,0.050936341,4.795429,4.279011,7.57309517,1762.206512,28.34444,25.06816,-6.1290534,6.1290534,-1.478649456,166.6881,121.2833,0.315258,302.8493,150.3402,103.5792,0.353773529,0.452681795,354.2452486,15.53592036,12.16087409,1.374369761,198
M-017,128.00942,0.043267489,7.6659,0.1111,5.7772,1.796487,0.06264493,4.730638,4.200691,7.37319594,1756.21025,27.80833,24.7753,-9.08460256,9.08460256,-1.581035636,175.4269,115.0996,0.327745,318.1904,144.3189,98.2124,0.371407473,0.467065208,342.428394,14.0016958,11.20774642,1.524131274,526
M-018,133.3618,0.063274307,6.003,0.428,3.718,1.73012,0.07344077,4.57029,3.91195,6.8790638,1463.017444,27.9854,24.5718,-16.405532,16.405532,-1.475703423,142.488,82.63,0.34283,241.852,118.903,74.614,0.480757291,0.742512437,251.4722218,1.545305963,9.113024759,1.724410021,506
M-019,132.6204,0.062629205,6.234,0.384,4.004,1.73936,0.073155993,4.59262,3.9521,6.9477764,1503.751632,27.9612,24.6004,-16.088688,16.088688,-1.519945736,147.064,87.14,0.34074,252.456,122.434,77.892,0.46915155,0.704531809,264.3570063,2.915106816,9.383461502,1.687675006,487
M-020,131.12044,0.069551546,7.3282,0.0299,5.4475,1.762234,0.084148076,4.712844,4.414609,7.3715164,1833.700143,28.75563,24.97618,-20.0758012,20.0758012,-1.677878744,162.3169,112.5048,0.30731,300.2498,136.4288,93.1157,0.377391851,0.465197268,324.8344858,5.505641224,10.95716966,1.442755331,487
M-021,131.57879,0.0531459,6.6243,0.2083,4.7912,1.820255,0.10350544,4.605789,4.513437,7.07606826,1857.891626,27.55148,24.59751,-11.14296684,11.14296684,-1.605757072,172.6131,109.1983,0.335381,313.2282,134.8629,93.2831,0.442430905,0.544157432,328.6042078,13.66186906,9.54606153,1.580730652,854
M-022,131.26465,0.054183397,6.666,0.2222,4.7773,1.797598,0.095804117,4.606206,4.359564,7.07502576,1788.704001,27.47503,24.63087,-11.8494816,11.8494816,-1.581035636,166.65,108.2114,0.337744,302.6364,133.32,92.4352,0.451163346,0.565972389,326.7962842,11.66396404,9.551248406,1.540041068,621
M-023,130.91894,0.055225798,6.7143,0.2381,4.7619,1.771897,0.083206614,4.607143,4.184233,7.0745425,1709.850821,27.39045,24.67144,-12.65330068,12.65330068,-1.511693766,159.8551,107.0949,0.340477,290.5678,131.5709,91.4759,0.458064029,0.590575038,324.7647163,8.83777636,9.562911895,1.492649043,549
M-024,130.65,0.055915088,6.75,0.25,4.75,1.7525,0.069696054,4.6075,4.0525,7.07365,1650.61825,27.325,24.7,-13.25,13.25,-1.386294361,154.75,106.25,0.3425,281.5,130.25,90.75,0.460675042,0.608875531,323.1939163,5.775594529,9.567358843,1.456470588,472
M-025,149.1,0.049518606,4.32,0.08,2.44,1.4788,0.078332775,4.1964,6.398,6.851976,2393.67784,37.016,25.12,-4.6336,6.9376,-1.744040246,134.6,44.04,0.3452,198,104.84,40.4,0.30964199,0.397903101,134.5143555,30.07669778,5.46086286,3.056312443,500
M-026,146.51,0.04977024,4.3,0.2,2.4,1.582,0.137556471,4.277,5.904,6.70554,2167.1946,33.9,24.81,-10.2,11,-1.748067349,138.4,46.4,0.351,209.1,105.2,41.7,0.410480942,0.660636809,142.9892142,21.29866942,6.121184946,2.982758621,591
M-027,139.9823,0.039928641,4.6834,0.1578,2.947,1.712823,0.135886134,4.365449,5.702717,6.71806904,2204.518539,30.71509,24.59511,-11.1175154,11.8264794,-1.603429185,166.3414,53.2547,0.361506,264.1697,120.3479,43.9921,0.364057632,0.738760778,166.8134704,18.27249077,6.921074327,3.12350647,517
M-028,139.83046,0.040740277,4.7773,0.1111,3.1108,1.718717,0.138372434,4.370674,5.831639,6.7594351,2275.26945,30.85247,24.61976,-8.98585688,9.77582232,-1.581035636,170.9829,54.8834,0.361075,273.0838,122.9877,44.6622,0.344225013,0.725100065,171.799194,20.92374499,6.970926235,3.115384615,487
M-029,139.65874,0.041594775,4.8824,0.0588,3.2942,1.725297,0.140972238,4.376473,5.975947,6.80567932,2354.475112,31.00595,24.64707,-6.2547446,7.14060204,-1.528433086,176.1788,56.7067,0.360588,283.0633,125.9425,45.4121,0.320371401,0.709260272,177.3713975,23.66629453,7.026604686,3.106842754,460
M-030,148.52,0.047204553,4.34,0.06,2.48,1.4936,0.069084424,4.2322,6.3204,6.85753,2358.06838,36.014,25.084,-3.12,4.464,-1.519249346,134.66,43.76,0.3462,198.16,105.64,39.24,0.309331534,0.402908829,133.8635668,26.66664507,5.746416456,3.077239488,490
M-031,141.125,0.040691228,4.25,0.25,2.25,1.595,0.021028852,4.3025,5.28,6.58025,1952.86825,31.075,24.7,-16.25,17.25,-1.386294361,137.25,33.75,0.3775,202.25,108,27.75,0.296512085,0.477935662,108.4337349,6.259432143,6.343446392,4.066666667,448
M-032,145.87,0.034595152,4.2,0.2,2.3,1.547,0.052439149,4.275,5.839,6.69161,2133.7946,33.84,24.83,-12.2,13.88,-1.504788284,131.5,38.7,0.359,190.4,105.5,34.8,0.308547578,0.486042322,120.74883,14.49710383,6.104030773,3.397932817,408
M-033,147.124,0.048441604,4.3,0.1,2.4,1.5142,0.06585749,4.249,6.0664,6.803434,2263.0473,34.916,25.01,-5.9936,7.3376,-1.657193583,134,42.62,0.3488,198.04,105.12,37.88,0.306733667,0.419509016,130.8968059,25.18833141,5.884646599,3.14406382,530
M-034,148.064,0.051954652,4.34,0.06,2.48,1.4988,0.071120436,4.2342,6.2088,6.825474,2314.46838,35.51,25.064,-3.2832,4.5376,-1.61932983,134.06,42.48,0.349,198.6,104.56,37.12,0.305062324,0.410097761,130.5069124,27.87861218,5.762729134,3.155838041,500
M-035,128.60532,0.034920488,7.7265,0,5.9085,1.753461,0.078466346,4.61772,4.142313,7.45341822,1827.2718,28.62441,25.11567,-6.21363312,6.74245296,-1.767684691,203.1615,118.5336,0.32724,347.4198,163.8927,110.5344,0.308011184,0.40482219,352.3800464,20.64253768,9.695396466,1.713957055,186
M-036,126.15,0.013655516,8.25,0,6.5,1.82,0.05312934,4.7875,4.3025,7.54745,1859.25,27.75,24.85,-3.75,3.75,-1.386294361,187,126.5,0.3225,345,153.25,106.5,0.319717232,0.36089792,373.4317343,17.68035595,12.04072734,1.47826087,113
M-037,148.3,0.072845331,4.4,0,2.6,1.486,0.087906626,4.206,6.046,6.7206,2226.4,34.8,25.08,-0.16,0.8,-1.33217904,130.8,35.8,0.364,198.6,98.6,26.2,0.290415239,0.379888268,112.5786164,24.50050281,5.53624894,3.653631285,305
M-038,145.375,0.069846324,4.5,0,2.75,1.525,0.076822128,4.245,5.995,6.742275,2251.25,33.75,25,-0.25,1.25,-1.386294361,140,36.25,0.37,212.25,106.5,26.25,0.265393431,0.418536036,115.0793651,25.69868298,5.851485962,3.862068966,335
M-039,126.5544,0.024414818,8.124,0.024,6.344,1.81496,0.055532834,4.77532,4.2806,7.5099704,1837.031352,27.7632,24.8344,-5.024448,5.024448,-1.466245799,184.504,124.04,0.32364,339.216,151.324,104.712,0.331550689,0.384978743,366.7869182,17.37098619,11.85809368,1.487455659,117
M-040,127.538268,0.029915825,7.44441,0.04761,5.71428,1.7782377,0.055719435,4.5926553,4.2058383,7.408802211,1857.29798,26.648925,24.675948,-4.887442732,4.887442732,-1.154667683,187.9197,108.76158,0.3398376,324.79239,144.26904,101.04723,0.315502815,0.442054159,329.4994686,12.94351764,9.383894251,1.727813259,443
M-041,126.702036,0.033828789,8.29389,0.05882,6.35277,1.8322992,0.050939469,4.7957411,4.2792861,7.573562159,1762.328092,28.34623,25.069844,-6.130999178,6.130999178,-1.478731744,166.70077,121.29061,0.3152842,302.87299,150.34866,103.58526,0.353772776,0.452674794,354.2801554,15.53667507,12.16562364,1.374391389,190
M-042,126.829452,0.033102435,8.16645,0.05555,6.27762,1.8227245,0.054273374,4.7793045,4.2693207,7.528716571,1782.753215,28.093617,24.977034,-6.283360504,6.283360504,-1.505050851,171.82852,121.71888,0.3194344,313.76901,149.71812,103.49715,0.355513281,0.438610799,357.6991843,16.02555916,11.91758361,1.411683381,191
M-043,127.27,0.031260942,8.4,0.05,6.7,1.8215,0.056636676,4.7415,4.135,7.49621,1737.73915,28.595,24.75,-0.71,9.11,-1.721904941,175.5,110.05,0.3275,308.2,145.3,98.5,0.338672031,0.478860954,327.2862454,24.16882673,11.36303984,1.594729668,110
M-044,126.94356,0.032416319,8.05239,0.05263,6.21034,1.8141561,0.056731496,4.7645939,4.2603985,7.488580599,1801.023494,27.867585,24.89399,-6.37080887,6.37080887,-1.513648094,176.41576,122.1016,0.3231482,323.51661,149.15342,103.41795,0.354633731,0.425784685,360.7927171,16.29548077,11.69917783,1.444827586,189
M-045,127.14078,0.033835415,7.9413,0.0588,6.1178,1.807652,0.0586522,4.757659,4.248845,7.45562498,1804.814312,27.78234,24.81178,-6.75320412,6.75320412,-1.528433086,180.8848,120.473,0.325293,330.8292,148.5313,102.1194,0.348020423,0.41859623,357.1120501,16.18265932,11.59737946,1.501455098,137
M-046,126.567924,0.037740051,8.53839,0.07692,6.46149,1.853059,0.04155222,4.8368761,4.2945747,7.667542913,1704.713573,29.007404,25.245904,-6.058920712,6.058920712,-1.285286972,156.84477,117.84521,0.3053814,279.07457,151.46022,102.153,0.332946193,0.487211542,339.3091115,12.15853247,12.80530056,1.330938865,138
M-047,139.65874,0.041594775,4.8824,0.0588,3.2942,1.725297,0.140972238,4.376473,5.975947,6.80567932,2354.475112,31.00595,24.64707,-6.2547446,7.14060204,-1.528433086,176.1788,56.7067,0.360588,283.0633,125.9425,45.4121,0.320371401,0.709260272,177.3713975,23.66629453,7.026604686,3.106842754,460
M-048,141.23525,0.039569409,4.6471,0.0588,2.8236,1.569999,0.031959504,4.294118,6.277131,6.91325848,2445.065612,34.01779,24.95296,-4.81489684,6.143683,-1.528433086,160.1784,42.1181,0.372353,234.3562,125.9425,36.706,0.222609646,0.441557248,134.2095159,26.25738057,6.269657931,3.803077537,450
M-049,131.31576,0.0554838,7.39017,0.02439,5.6097,1.7343729,0.085406417,4.5592227,4.2021531,7.332080337,1784.551008,29.446047,24.992433,-9.256209876,14.7290332,-2.143377304,180.68112,95.58441,0.3285333,298.26531,145.31562,91.75518,0.346212322,0.540963048,284.7033516,22.546471,8.981416523,1.890278132,494
M-050,127.93266,0.03951984,8.4537,0.0909,6.7266,1.820727,0.06211131,4.743162,4.080501,7.3934424,1676.469882,28.76985,24.94296,-2.51189424,11.2374216,-1.515656376,148.6215,120.3516,0.329967,278.154,140.0769,101.2626,0.417858639,0.545787888,359.2408135,18.61485337,11.38695876,1.23489426,161
M-051,141.5,0.036683823,4.4,0.2,2.4,1.576,0.030720098,4.292,5.844,6.77412,2218.2946,33.16,24.84,-13.44,14.4,-1.609437912,148.6,39.4,0.372,214.8,118,36,0.288681148,0.465125327,125.477707,16.24448967,6.251126388,3.771573604,334
M-052,127.78722,0.049052133,8.0901,0,6.2721,1.808001,0.067400241,4.797702,4.37229,7.52002974,1846.4517,28.41534,24.97932,-10.741653,10.741653,-1.546544021,174.1644,125.0784,0.311787,326.331,148.4397,102.8079,0.352029796,0.392519366,363.4874668,13.00138982,12.19550012,1.39244186,509
M-053,126.71,0.013582331,8.775,0,7.225,1.8305,0.052668278,4.73,4.10875,7.54602,1757.82325,28.695,24.755,3.9375,8.8875,-1.572747898,174.425,112.2,0.3305,306.25,145.875,101.525,0.333197277,0.4796392,335.1755041,26.9238733,11.19868024,1.554590018,150
M-054,128.735,0.036691097,7.875,0,6.1,1.75175,0.080142888,4.60625,3.9805,7.48023,1794.1,28.425,25.1825,-4.14,4.95,-1.572747898,204.8,130.2,0.3215,354.175,167.475,123.125,0.33716554,0.326661157,383.7877671,19.3207503,9.551795839,1.57296467,146
M-055,126.615,0.013566971,8.7875,0,7.2125,1.83325,0.051480471,4.745,4.124375,7.56463,1758.388625,28.7675,24.7575,3.559375,8.446875,-1.601059295,176.5125,111.8,0.32825,309.125,146.9375,101.1625,0.323674074,0.468025767,332.8619278,26.96705758,11.41345946,1.578823792,158
M-056,128.5275,0.036329924,7.9375,0,6.15,1.758875,0.079347173,4.628125,4.00325,7.502495,1792.65,28.5125,25.16125,-4.165,4.8875,-1.601059295,205.2,128.8,0.31975,354.3875,167.3375,121.5625,0.327126031,0.324022506,378.6843072,19.69877026,9.827215533,1.593167702,152
M-057,126.262866,0.013146879,8.83307,0,7.16645,1.8432784,0.046527381,4.799858,4.1815433,7.632640162,1760.408928,29.032472,24.765924,2.333153337,6.777308897,-1.560688966,184.16142,110.32997,0.3199901,319.65746,150.82895,99.83029,0.285942743,0.420769132,324.4951875,25.17683293,12.22841969,1.66918762,175
M-058,127.762806,0.03430057,8.16643,0,6.33315,1.7849474,0.074656587,4.708195,4.0865471,7.583908778,1787.27952,28.83248,25.082578,-3.99974667,4.44415556,-1.560688966,206.66052,123.66277,0.3133237,355.15604,166.82831,115.82965,0.287972676,0.309179041,360.1777723,19.19261508,10.89247698,1.671161984,154
M-059,139.64279,0.04186078,4.9048,0.0476,3.0953,1.702859,0.152622719,4.365716,6.132912,7.00370131,2498.768115,32.25246,24.84287,-5.66782764,6.12136052,-1.511693766,182.0496,67.0961,0.336666,292.8133,129.6678,59.3815,0.308802288,0.51673533,202.2995957,25.73913337,6.92361456,2.713266494,450
M-060,126.805,0.01355628,8.7625,0,7.2375,1.82775,0.053794626,4.715,4.093125,7.52741,1757.257875,28.6225,24.7525,4.334375,9.321875,-1.515494886,172.3375,112.6,0.33275,303.375,144.8125,101.8875,0.342427633,0.490787663,337.5046834,26.47684735,10.98727975,1.530528419,146
M-061,128.9425,0.036976397,7.8125,0,6.05,1.744625,0.080735995,4.584375,3.95775,7.457965,1795.55,28.3375,25.20375,-4.085,4.9875,-1.515494886,204.4,131.6,0.32325,353.9625,167.6125,124.6875,0.346977721,0.328788161,388.917621,18.53997542,9.282838892,1.553191489,149
M-062,127,0.012449912,8.5,0,7,1.8175,0.051961009,4.6625,4.065,7.569075,1766.6925,28.575,24.425,6.25,9.25,-1.386294361,199.5,89.75,0.335,321,145.25,93,0.209284438,0.330656039,269.924812,26.61350632,10.27337329,2.222841226,134
M-063,126.52,0.013509871,8.8,0,7.2,1.836,0.050227198,4.76,4.14,7.58324,1758.954,28.84,24.76,3.2,8,-1.609437912,178.6,111.4,0.326,312,148,100.8,0.31384165,0.455908327,330.5637982,26.73774465,11.63166046,1.603231598,155
M-064,126.196198,0.013602336,8.99974,0,7.33312,1.8482785,0.047927306,4.8248585,4.1898768,7.592456025,1753.742128,29.015805,24.982595,1.666500004,6.999526674,-1.560688966,164.66103,125.83028,0.3199901,305.99052,149.82893,105.99708,0.363817371,0.448934053,370.0836708,24.42366887,12.6155877,1.30859623,158
M-065,126.65,0.014913404,9,0,7.5,1.8375,0.056080174,4.825,4.105,7.50345,1745.9425,29.225,24.675,2.75,8.25,-1.386294361,177.75,120.75,0.3275,328.25,147.5,101.75,0.352401376,0.437215906,359.1078067,22.87433467,12.61780775,1.472049689,183
M-066,126.6654,0.013418543,7.66659,0,5.99994,1.7899821,0.05260528,4.66662,4.2566241,7.516558167,1902.98097,27.033063,24.433089,-2.666613334,2.666613334,-1.098611302,217.66449,102.66564,0.33333,367.99632,151.33182,97.99902,0.145587859,0.219295185,307.99538,14.71598302,10.32796192,2.12012987,397
M-067,127.60666,0.039152134,7.8009,0.0857,5.9436,1.802185,0.060797402,4.744486,4.224729,7.41437134,1780.096836,27.79991,24.79678,-7.99405056,7.99405056,-1.560011169,178.1059,117.7284,0.326603,324.3808,146.3879,100.126,0.360214057,0.443737352,349.6552554,15.09507437,11.40604332,1.512854163,130
M-068,128.32,0.03588987,8,0,6.2,1.766,0.07834759,4.65,4.026,7.52476,1791.2,28.6,25.14,-4.16,4.8,-1.609437912,205.6,127.4,0.318,354.6,167.2,120,0.316837022,0.320827812,373.6070381,19.80925003,10.10922162,1.613814757,144
M-069,127.976682,0.035313651,8.1815,0,6.36339,1.7790204,0.077718469,4.695269,4.0634757,7.534926387,1785.38284,28.717039,25.226268,-4.561634717,5.090512735,-1.594141457,195.53713,133.81315,0.3154418,347.44029,166.44785,121.08612,0.356833658,0.328360192,390.9474753,19.10270275,10.71427706,1.461269913,152
M-070,127.696138,0.034666172,8.3331,0,6.49982,1.7899475,0.076668384,4.7331955,4.0948806,7.543724641,1780.61272,28.815813,25.299249,-4.777508892,5.221917782,-1.560688966,187.16013,139.16308,0.3133237,341.4891,165.82829,121.99644,0.386585539,0.328071833,405.3236729,18.32834214,11.2441507,1.344897871,150
M-071,127.253272,0.033315241,8.5712,0,6.71411,1.8070907,0.07404787,4.7927205,4.1441673,7.557432058,1773.08876,28.970578,25.413537,-4.897663676,5.224161636,-1.475049502,173.9932,147.56801,0.3099903,332.13177,164.85208,123.42504,0.427290602,0.318603239,427.7273493,16.84802718,12.11972083,1.179071263,158
M-072,128.477444,0.035402241,7.85725,0,6.04771,1.7595427,0.078485903,4.633383,4.0871715,7.487863226,1810.20478,28.614569,25.128825,-5.296944032,5.877466118,-1.724236132,204.33563,122.76406,0.3228594,350.8614,165.47819,115.04976,0.312350097,0.366219825,362.5954787,20.65444372,9.894394118,1.664458067,151
M-073,126.15,0.013655516,8.25,0,6.5,1.82,0.05312934,4.7875,4.3025,7.54745,1859.25,27.75,24.85,-3.75,3.75,-1.386294361,187,126.5,0.3225,345,153.25,106.5,0.319717232,0.36089792,373.4317343,17.68035595,12.04072734,1.47826087,129
M-074,128.11616,0.033967777,8.11632,0.06976,6.51168,1.8030248,0.058408602,4.6358168,4.017912,7.458625736,1708.567108,28.555816,24.409304,2.747780122,10.66508997,-1.542604165,191.37296,85.16328,0.3374416,305.86208,140.20984,88.74464,0.261394906,0.389405804,257.074033,24.66183166,9.92561876,2.247129984,180
M-075,125.84,0.013198054,8.6,0,6.8,1.838,0.050968611,4.86,4.33,7.56594,1833,28.18,25.1,-3.84,3.84,-1.33217904,168.6,140.8,0.316,331.2,154.4,111.6,0.385018369,0.354072337,411.6959064,16.46304602,13.17703245,1.197443182,125
M-076,128.12,0.035850862,9,0,7.2,1.814,0.074337411,4.68,3.904,7.71674,1636.754,30.48,25.34,1.76,6.88,-1.609437912,182.8,111.8,0.308,290.8,164.8,115.2,0.34109357,0.45557153,323.1213873,23.66250439,10.50691257,1.635062612,208
M-077,128.3168,0.041069175,8.96984,0.01192,7.2164,1.8147976,0.074339847,4.6782632,3.8992904,7.714209204,1629.943741,30.638032,25.34888,1.772119104,6.935130048,-1.63629445,181.92968,111.25436,0.3077612,289.40684,163.97808,114.66376,0.347143894,0.460733068,321.4334706,23.94745514,10.48353887,1.635258879,192
M-078,125.9,0.010447138,9.5,0,7.75,1.88,0.016394718,4.825,4.15,7.787425,1666.1925,30.1,25.1,5,6.5,-1.386294361,158.5,107,0.31,265.25,150.25,100.5,0.275533586,0.522654726,310.1449275,24.2051087,12.61780775,1.481308411,154
M-079,125.18748,0.004704046,8.9991,0,6.9993,1.873146,0.017615924,4.882845,4.369563,7.80698589,1768.8231,29.06376,25.3308,-1.33306668,1.33306668,-1.098602422,162.9837,125.6541,0.29997,293.6373,157.9842,107.9892,0.304423489,0.419303749,358.9963287,14.82394694,13.5530684,1.297082228,124
M-080,127.452768,0.03259481,8.47172,0.0566,6.79248,1.8232084,0.056867864,4.732832,4.09755,7.492824896,1712.231775,28.809436,24.728304,0.156830816,9.811209056,-1.735851681,173.18904,106.45316,0.3284904,300.2272,143.755,96.90592,0.339247237,0.500728138,317.0562565,24.86902479,11.23897053,1.626903701,179
M-081,124.43724,0.02168135,8.61531,0.15384,6.46149,1.8753658,0.01732472,4.8807205,4.3899555,7.834143941,1762.67487,28.276664,24.92284,-11.83379432,11.83379432,-1.285286972,156.84477,120.69125,0.292305,282.15137,149.92182,105.46056,0.332946193,0.44307207,341.0826698,7.003063338,13.51772565,1.299553779,149
M-082,123.784434,0.028330929,8.28561,0.28572,5.99991,1.8771242,0.017017326,4.8785225,4.4070999,7.856822905,1757.26779,27.59968,24.57116,-19.42863428,19.42863428,-1.351783447,151.56957,116.42713,0.285711,272.28235,142.99812,103.28454,0.354921811,0.461868485,325.9944644,0.322007417,13.48124104,1.301840645,287
M-083,123.221252,0.032420291,8.00009,0.4,5.60007,1.8786854,0.016704832,4.8767155,4.4220437,7.876631411,1752.61769,27.013624,24.26692,-24.96032267,24.96032267,-1.379295472,147.00163,112.73459,0.280003,263.73627,137.00158,101.40108,0.372200289,0.476868481,313.1529437,-4.861036249,13.45130814,1.303962076,570
M-084,126.8,0.022222402,8,0,6,1.8125,0.060233395,4.7375,4.605,7.542875,1874.25,29.025,25.225,-10.5,10.5,-1.386294361,167,101.75,0.33,289.25,151.25,85,0.260633859,0.605694712,303.7313433,11.10325111,11.30564483,1.641277641,238
M-085,137.259,0.035708899,5.454,0,3.9087,1.832544,0.181126571,4.40865,7.04475,7.16225643,2883.7116,32.724,24.543,-4.82548104,4.957686,-1.767684691,225.8865,81.3555,0.364509,364.5999,156.8025,71.9928,0.22223431,0.620986747,256.039818,37.55762325,7.342327143,2.776536313,676
M-086,126.21,0.012330604,9.15,0,7.475,1.858,0.038852129,4.7925,4.145,7.6853325,1712.57325,29.47,24.93,4.05,7.425,-1.572747898,168.55,109.2,0.318,288.625,149.125,100.65,0.30400532,0.489589422,320.2346041,26.44465659,12.11637564,1.543498168,158
M-087,126.365,0.012993167,8.975,0,7.3375,1.847,0.045228704,4.77625,4.1425,7.63428625,1735.763625,29.155,24.845,3.6125,7.75625,-1.601059295,173.575,110.3,0.322,300.3125,148.5625,100.725,0.310728104,0.472841651,325.3687316,26.71899841,11.87195671,1.573662738,161
M-088,126.929546,0.014287524,8.33306,0,6.83311,1.806611,0.059070616,4.716523,4.133209,7.446886447,1820.743468,27.999118,24.532586,2.222044448,8.221724451,-1.560688966,191.99491,114.33005,0.3366571,343.15793,146.49553,100.99698,0.308836631,0.409549536,344.7087472,25.84864605,11.00859107,1.679303998,172
M-089,127.526918,0.037189886,7.84077,0.06818,6.02262,1.8133706,0.065458006,4.7485429,4.2973973,7.430487018,1819.625579,27.808528,24.788146,-7.262066945,7.262066945,-1.615996507,181.60954,119.45222,0.3252209,331.44716,147.88341,101.4071,0.351962064,0.423700545,354.0483693,17.18679164,11.46468682,1.520352991,162
M-090,126.055,0.011496006,9.325,0,7.6125,1.869,0.030273836,4.80875,4.1475,7.73637875,1689.382875,29.785,25.015,4.5125,7.00625,-1.515494886,163.525,108.1,0.314,276.9375,149.6875,100.575,0.292745298,0.506184153,315.1603499,25.79970783,12.36497367,1.512719704,153
M-091,128.78,0.031524722,8.2,0,6.8,1.892,0.085185368,4.68,4.626,7.42552,1984.354,28.58,24.62,4.64,10.72,-1.609437912,188.6,115.2,0.328,334.8,146.6,103,0.344025874,0.441648377,342.8571429,31.19397341,10.50691257,1.637152778,263
M-092,126.9,0.013488765,8.75,0,7.25,1.825,0.054862971,4.7,4.0775,7.5088,1756.6925,28.55,24.75,4.75,9.75,-1.386294361,170.25,113,0.335,300.5,143.75,102.25,0.351378163,0.501505291,339.8496241,24.99824287,10.77921533,1.506637168,143
M-093,129.15,0.03718826,7.75,0,6,1.7375,0.081126074,4.5625,3.935,7.4357,1797,28.25,25.225,-4,5,-1.386294361,204,133,0.325,353.75,167.75,126.25,0.356581849,0.33044236,394.0740741,16.712841,9.0202228,1.533834586,145
M-094,136.586065,0.038220145,5.50011,0,4.00008,1.8183697,0.176738613,4.416755,6.800136,7.130075932,2821.22309,31.983973,24.450489,-4.889084446,5.111315558,-1.791775304,228.67124,85.33504,0.366674,375.84085,155.33644,74.50149,0.213966012,0.587479061,269.482194,37.14069526,7.423690477,2.6796875,705
M-095,138.825,0.049273969,5.25,0,3.75,1.715,0.153691608,4.42,5.9675,7.05915,2562,31.175,24.5,-5.5,6,-1.386294361,207,94,0.3275,358,134.5,82.25,0.293197317,0.346276187,279.5539033,24.03049452,7.456475858,2.20212766,630
M-096,140.475,0.048609272,5,0,3.5,1.575,0.038490018,4.345,6.155,6.975775,2524.5,33.1,24.625,-4.5,6,-1.386294361,185,68,0.365,298.25,131.25,58.5,0.28167816,0.574753595,214.1732283,24.5982566,6.728816497,2.720588235,495
M-097,126.585,0.014238937,8.9,0,7.35,1.83675,0.053238143,4.7925,4.1225,7.543345,1752.44825,29.0325,24.7175,3.0375,8.2125,-1.572747898,178.175,116.075,0.32675,320.125,147.75,101.275,0.333596613,0.448083074,344.8199035,25.95358651,12.11637564,1.534998923,172
M-098,126.5525,0.013881755,8.85,0,7.275,1.836375,0.05175559,4.77625,4.13125,7.5632925,1755.701125,28.93625,24.73875,3.134375,8.128125,-1.601059295,178.3875,113.7375,0.326375,316.0625,147.875,101.0375,0.323848688,0.452414312,337.6878827,26.50628156,11.87195671,1.568414111,171
M-099,127.32041,0.036150723,7.88343,0.06976,6.0463,1.8052776,0.059555156,4.7519053,4.2386719,7.438207398,1794.593426,27.787258,24.803662,-7.267996774,7.267996774,-1.54258582,179.73748,119.34454,0.3258007,328.17404,147.64563,101.29862,0.353057987,0.428937576,354.0334142,15.74915307,11.51348137,1.506038567,124
M-100,126.429536,0.012436207,8.6664,0,6.99978,1.8349449,0.045892587,4.716523,4.1632096,7.6362069,1767.575738,28.582463,24.815925,3.222024447,7.44396223,-1.560688966,179.16132,105.1632,0.3249902,301.15709,148.3289,100.16363,0.285681159,0.460351128,311.5901428,26.15870306,11.00859107,1.703650326,157
M-101,126.6175,0.014582504,8.95,0,7.425,1.837125,0.054678589,4.80875,4.11375,7.5233975,1749.195375,29.12875,24.69625,2.909375,8.253125,-1.515494886,177.9625,118.4125,0.327125,324.1875,147.625,101.5125,0.343107717,0.44299461,351.9598737,24.95025516,12.36497367,1.502902987,182
M-102,149.3875,0.057218472,4.5,0,2.875,1.55,0.167089301,4.2325,6.325,6.7949125,2378.125,35.5625,25,-0.5,2.5,-1.559581156,141.5,51.25,0.3375,225.25,102.25,42,0.386211161,0.619089543,154.7169811,30.33747392,5.748860902,2.76097561,400
M-103,147.931854,0.061161468,4.66662,0,3.11108,1.6177616,0.191893663,4.2732906,6.3799362,6.827898387,2435.5312,34.799652,24.899751,-1.580215309,3.160430618,-1.581087939,154.88734,59.33274,0.33333,252.66414,108.44336,49.11062,0.412836422,0.634561133,177.99733,30.43716988,6.089400871,2.610486891,470
M-104,150.7375,0.047088827,4.25,0,2.375,1.46,0.076501054,4.1925,6.145,6.8607125,2326,36.45,25.225,1,1,-1.494175138,125.375,48.625,0.32125,194.75,94.5,42.5,0.279217699,0.320244932,143.2780847,29.89664042,5.430482615,2.57840617,301
M-105,150.83,0.048784721,4.3,0,2.5,1.4595,0.08125721,4.1815,6.3075,6.83741,2366.65,36.93,25.195,1.26,1.26,-1.544479521,127.8,45.4,0.333,195.5,96.95,39,0.279427095,0.367874382,136.131934,31.65151342,5.345552592,2.814977974,356
M-106,149.939502,0.061558427,4.54527,0,2.90897,1.5599363,0.196405603,4.2052848,6.3906537,6.827172345,2447.1751,36.39858,25.044456,-1.057756035,3.173297195,-1.594141457,146.35759,58.72491,0.3236232,240.17193,101.45033,49.63439,0.414048473,0.580326063,173.6455479,31.37829976,5.530602945,2.492257374,423
M-107,149.711155,0.053427231,4.47622,0,2.71429,1.4876272,0.127399761,4.1867044,6.650541,6.927439052,2536.92655,37.786183,25.185977,0.762080003,2.140530429,-1.724236132,142.57166,50.28548,0.3361942,217.14248,107.14342,45.04746,0.330078071,0.461331715,151.5066003,37.13186828,5.385596265,2.835245085,395
M-108,127.77078,0.042346039,7.796,0.0681,5.9552,1.799343,0.063017216,4.742554,4.252787,7.42477239,1798.105711,27.85442,24.81141,-8.91982512,8.91982512,-1.615863698,178.2378,118.0329,0.324543,325.2056,146.1903,100.1894,0.356344424,0.434994579,349.4904931,15.23790261,11.37820378,1.510068803,199
M-109,151.4,0.057316389,4.375,0,2.625,1.5125,0.178841142,4.1825,6.18375,6.8031875,2347.5,36.4625,25.1375,-0.625,2.125,-1.559581156,133.25,55.75,0.31625,219.125,92.875,47.125,0.405995256,0.528216098,163.071298,29.81535533,5.353227469,2.390134529,387
M-110,149.100128,0.055659927,4.54544,0,2.81816,1.5181754,0.152925995,4.2054506,6.6581802,6.934871152,2553.1784,37.372814,25.136374,0.066255208,2.578425784,-1.76775517,147.99886,53.63566,0.3345458,228.72484,109.45406,47.8176,0.353220636,0.510412396,161.2001547,37.59287225,5.53191139,2.759336978,480
M-111,145.7125,0.062335155,4.625,0,3,1.58375,0.157788069,4.245,6.23125,6.8331,2432.625,34.875,24.975,-0.875,3.875,-1.559581156,153.875,53.5,0.34,246.75,110.625,44,0.330439833,0.58707659,162.1212121,30.66918291,5.851485962,2.876168224,403
M-112,148.549118,0.057394991,4.6089,0,2.91316,1.5461445,0.16951222,4.2227783,6.6655697,6.942035504,2568.1881,36.997423,25.092329,-0.514116217,2.934025172,-1.786752186,152.96483,56.69807,0.3330579,239.31488,111.57235,50.35082,0.367180112,0.535777233,170.0239646,37.63876049,5.670086533,2.697884249,492
M-113,147.875845,0.06429966,4.72709,0,3.1817,1.6381189,0.206419431,4.2689218,6.4251995,6.851472588,2483.08455,35.044021,24.899,-1.983343473,3.569977526,-1.594141457,160.35773,64.90679,0.3254414,266.35401,109.45041,54.54353,0.421018302,0.598655284,192.4422578,30.92867374,6.052143205,2.470584819,462
M-114,149.720725,0.06317109,4.55551,0,2.88886,1.5844286,0.205916758,4.2288466,6.2543819,6.835253869,2408.30925,35.599644,25.021972,-1.580215309,2.76537679,-1.581087939,147.55408,63.3327,0.3144413,247.21975,100.11011,53.66613,0.44122743,0.553961077,184.7622968,30.07931133,5.719151344,2.329824561,432
M-115,148.848582,0.059081936,4.54527,0,2.90897,1.5817547,0.186778727,4.2443761,6.2461068,6.827445075,2396.53823,35.225841,24.98991,-1.189982812,3.041070418,-1.594141457,146.81214,59.17946,0.3227141,241.26285,102.63216,49.63439,0.410918437,0.575766197,174.754738,30.57490714,5.846327798,2.480795533,428
M-116,148.036294,0.058754,4.66676,0,3.00006,1.5716981,0.180949455,4.2384181,6.6718001,6.94813896,2581.7183,36.650733,25.050501,-1.00004,3.222351112,-1.791775304,157.50315,59.50119,0.3316733,249.00498,113.50227,52.66772,0.375508549,0.548535151,178.0601912,37.46166542,5.797259936,2.647058824,505
M-117,149.265174,0.064813721,4.66662,0,3.11108,1.5910952,0.204825543,4.2255133,6.5566011,6.827565057,2497.41947,36.232971,24.966417,-1.382688395,3.357957531,-1.581087939,154.33179,58.77719,0.3344411,251.33082,106.99893,49.11062,0.416798375,0.640698328,176.625059,31.44827724,5.692156578,2.625708885,445
M-118,148.848582,0.059081936,4.54527,0,2.90897,1.5817547,0.186778727,4.2443761,6.2461068,6.827445075,2396.53823,35.225841,24.98991,-1.189982812,3.041070418,-1.594141457,146.81214,59.17946,0.3227141,241.26285,102.63216,49.63439,0.410918437,0.575766197,174.754738,30.57490714,5.846327798,2.480795533,413
M-119,127.377296,0.032984983,8.6604,0.0566,6.98116,1.8288688,0.058714358,4.761134,4.106984,7.447334148,1704.684575,28.790568,24.973588,-0.825724058,10.22416165,-1.474285661,151.11348,124.0004,0.3284904,284.75544,142.62292,103.88708,0.409752808,0.517280063,369.318324,20.07021104,11.6482968,1.218653166,168
M-120,149.04,0.061749687,4.6,0,3,1.586,0.195179394,4.236,6.386,6.82768,2442,35.68,24.98,-1.28,3.2,-1.609437912,150.2,59,0.328,245.8,104.6,49.4,0.41459163,0.605632852,175.5952381,31.39804185,5.777443521,2.545762712,497
M-121,147.820744,0.060234168,4.66662,0,3.11108,1.6144283,0.194282204,4.2566241,6.4010471,6.849142619,2476.97523,35.310758,24.933084,-1.580215309,3.950538272,-1.581087939,156.44288,61.77716,0.3266634,257.10854,108.77669,51.99948,0.400140542,0.592879218,183.4956246,30.98199126,5.948285394,2.532374101,447
M-122,150.030412,0.062142251,4.54527,0,2.90897,1.5626636,0.19465436,4.2189213,6.3733808,6.809790353,2413.26567,35.980394,25.017183,-1.057756035,2.644390088,-1.594141457,145.08485,56.72489,0.3290778,236.53553,101.1776,47.27073,0.42410597,0.613813507,169.0952841,30.92884759,5.63908375,2.557692928,424
M-123,149.06,0.061652405,4.6,0,2.8,1.566,0.198741902,4.226,6.492,6.98582,2549,36.7,25.14,-1.44,2.72,-1.609437912,154.2,67.4,0.308,252.2,107.2,61,0.416873406,0.446052402,194.7976879,32.6698807,5.69609149,2.287833828,542
M-124,152.2375,0.048679152,4.25,0,2.375,1.43,0.082668464,4.13875,6.34375,6.8603375,2395.625,38.0625,25.3,1.25,1.25,-1.559581156,124.75,48,0.3225,193.25,92.875,42.5,0.282693017,0.315781383,141.697417,32.31439883,5.025915268,2.598958333,237
M-125,150.8125,0.064785209,4.25,0,2.375,1.44625,0.093020179,4.145,5.995,6.7601625,2259.375,36.4875,25.2375,0.1875,1.3125,-1.559581156,122.875,44,0.33125,194.625,89.5,35.875,0.258462755,0.344488782,131.588785,29.48512634,5.07162588,2.792613636,337
M-126,149.052719,0.068189878,4.42844,0,2.71421,1.4756698,0.093115926,4.175589,6.3198222,6.740796878,2339.50317,36.284654,25.099245,0.48977551,1.469280818,-1.549803609,133.71028,36.42729,0.3642754,201.42227,101.13992,27.71327,0.276113173,0.41238721,114.6008507,30.63624397,5.300373439,3.670607394,315
M-127,147.975,0.0444441,4.5,0,2.75,1.485,0.075813672,4.195,6.74,6.990425,2617,38.05,25.2,2.5,2.5,-1.386294361,147.25,49.75,0.3375,219.5,114,46,0.254436793,0.348259696,150.1886792,32.66444346,5.449940878,2.959798995,270
M-128,149.9741,0.050514088,4.323,0.055,2.457,1.46258,0.082273658,4.17227,6.46314,6.8677874,2431.796015,37.6933,25.1828,-2.97864,5.83632,-1.733901025,133.652,45.357,0.33976,198.878,102.862,41.45,0.302933096,0.37609612,137.3954925,32.07939606,5.275145354,2.946667549,353
M-129,147.252945,0.066918797,4.50009,0,2.66672,1.483363,0.085155534,4.1884171,6.4201284,6.890771146,2464.21595,36.684067,25.183837,0.444462222,1.77784889,-1.791775304,143.66954,43.83421,0.3516737,216.33766,109.00218,37.66742,0.275230337,0.375884016,135.2226803,37.15565103,5.398828652,3.27756654,558
M-130,150.38,0.050528835,4.4,0,2.6,1.454,0.081330099,4.166,6.642,6.91912,2519,38.24,25.24,1.6,1.6,-1.609437912,136.6,46.6,0.338,204.4,104.6,42,0.290680281,0.358978947,140.7854985,35.30843056,5.227759425,2.931330472,306
M-131,151.225,0.054770209,4.5,0,2.75,1.4325,0.0859766,4.125,7.09,6.941875,2663,40.125,25.275,1.75,1.75,-1.386294361,142.5,43,0.355,206.5,110,39.5,0.297460266,0.392603326,133.3333333,32.44465531,4.92655933,3.313953488,364
M-132,152.225,0.048785882,4.25,0,2.5,1.4425,0.089904418,4.145,6.2775,6.7615,2328.75,37.425,25.2,1.5,1.5,-1.386294361,122.25,42.75,0.335,189.25,91.25,35.25,0.25095116,0.388393916,128.5714286,28.34197467,5.07162588,2.859649123,242
M-133,140.635516,0.021612571,5.36656,0,3.73326,1.8369636,0.207707589,4.378246,8.1213362,7.37576385,3220.15192,36.42593,24.732838,-6.713065336,6.713065336,-1.242193919,225.89552,78.71514,0.3601594,342.79328,167.49664,75.91518,0.249315481,0.667320404,246.0460934,26.54537644,7.043701734,2.869784898,569
M-134,140.180258,0.022602307,5.43328,0,3.86663,1.8709818,0.200043738,4.401623,7.9844181,7.345994425,3185.95096,35.612965,24.666419,-6.686531334,6.686531334,-1.356526922,229.69776,83.48257,0.3538297,356.39664,166.49832,79.08259,0.236888319,0.618018955,258.3918512,29.24730965,7.272388215,2.751445721,784
M-135,147.93974,0.059717089,4.44104,0,2.76462,1.5220122,0.105384438,4.2439898,6.1601112,6.751150069,2282.7253,34.598985,24.993369,0.034622629,1.349388444,-1.397714266,135.5545,40.11639,0.3576362,206.75803,102.96736,30.70493,0.306744374,0.542858547,124.9023995,26.56284735,5.843135919,3.379030366,314
M-136,139.725,0.023104619,5.5,0,4,1.905,0.190916694,4.425,7.8475,7.316225,3151.75,34.8,24.6,-6.5,6.5,-1.386294361,233.5,88.25,0.3475,370,165.5,82.25,0.223386762,0.568742303,270.4980843,29.82815617,7.507228766,2.645892351,779
M-137,127.5572,0.040123394,7.764,0.091,5.902,1.79907,0.061245149,4.73653,4.21516,7.3977924,1773.145043,27.7723,24.766,-8.214676,8.214676,-1.564504693,177.349,117.046,0.3265,322.724,145.794,99.614,0.362815582,0.448967938,347.5753526,14.85052641,11.291763,1.515207696,128
M-138,147.28009,0.061047806,4.5275,0,2.8888,1.557405,0.137222605,4.263496,6.196301,6.76964997,2316.6145,34.26781,24.94187,-0.58739104,1.82126768,-1.48172833,142.5831,44.7791,0.35441,221.5053,106.0241,34.8901,0.348739318,0.638500651,138.7230285,27.95290624,6.006135962,3.184143942,442
M-139,144.75701,0.069517306,4.605,0,2.9071,1.569412,0.125697382,4.270168,6.053102,6.76735294,2296.3445,33.40139,24.93977,-0.86489984,1.730544,-1.542577741,148.5174,42.3698,0.365158,230.3758,110.1002,31.8112,0.31935132,0.630416364,133.4814017,28.58746963,6.062751533,3.505265543,435
M-140,146.716769,0.061947375,4.60525,0,3.00002,1.5892087,0.155864219,4.281544,6.2296939,6.787192583,2347.22785,33.978501,24.899731,-1.080514952,2.188481712,-1.521257496,148.86961,48.94885,0.3515738,234.68759,108.76319,38.63299,0.371154897,0.673602197,150.9773973,28.60838583,6.160308603,3.041330082,439
M-141,144.365223,0.069192177,4.66662,0,2.99997,1.5955396,0.142953568,4.2844016,6.0866058,6.781109966,2322.75455,33.188557,24.899751,-1.185161482,1.975269136,-1.581087939,153.55402,45.99954,0.3622186,241.1087,112.2211,35.11076,0.338211247,0.675356366,144.2486093,29.34966686,6.185018984,3.338164251,497
M-142,146.1975,0.062552451,4.675,0,3.1,1.61775,0.167877117,4.2975,6.25925,6.80251,2374.625,33.715,24.86,-1.475,2.475,-1.539010437,154.525,52.7,0.349,246.55,111.225,42,0.383295832,0.684233741,161.9047619,28.91094437,6.299343809,2.932163188,484
M-143,144.019099,0.068801295,4.72326,0,3.08501,1.6195248,0.154722713,4.2977428,6.1176874,6.794216848,2347.05615,32.996891,24.865213,-1.448521142,2.172790224,-1.600665681,158.16526,49.31752,0.3595638,250.9282,114.1667,38.12638,0.34982322,0.694127898,154.012281,29.78782673,6.301479511,3.207080567,575
M-144,144.903777,0.063186406,4.84772,0,3.34775,1.6884416,0.18491923,4.3368682,6.3322684,6.840183813,2442.44975,33.060268,24.760378,-2.249421286,3.00555588,-1.530412707,168.53938,61.99855,0.3426016,275.94963,117.32336,50.34667,0.391802449,0.666442636,188.6178914,28.82981499,6.653610032,2.718440673,541
M-145,143.143269,0.067390264,4.86774,0,3.30177,1.6806918,0.173469936,4.3319046,6.1971162,6.827883969,2409.05895,32.509986,24.778248,-1.99346458,2.563006482,-1.603327405,169.91856,57.77187,0.3528156,275.95299,119.12766,45.81003,0.362647551,0.692187496,178.5329498,30.12137677,6.608049727,2.941198891,504
M-146,144.546417,0.063140595,4.89579,0,3.41664,1.7081101,0.187252001,4.3478744,6.3526461,6.850757597,2461.33145,32.878813,24.733083,-2.413161389,3.107583611,-1.517150686,172.43623,64.58295,0.3408298,284.12309,119.01985,52.66637,0.390217703,0.655029878,195.9522745,28.63493346,6.755569076,2.669996183,531
M-147,142.3,0.026975541,5,0,3.5,1.7,0.157620718,4.37,6.835,7.05725,2715.75,34.325,24.8,-3,4.5,-1.386294361,185.75,66.75,0.3425,291.5,136,59.5,0.28630259,0.55646659,203.0418251,28.30266998,6.964478818,2.782771536,431
M-148,127.66544,0.036527108,8.556,0.074,6.8524,1.824832,0.060491402,4.75226,4.09376,7.42037772,1690.460406,28.78152,24.95932,-1.69732096,10.75226752,-1.497462712,149.8572,122.156,0.329256,281.4216,141.3388,102.5612,0.413902687,0.531758197,364.2403063,19.35001618,11.51863878,1.226769049,199
M-149,140.16,0.039147616,5,0,3.4,1.686,0.143117733,4.356,6.53,6.99544,2610.6,33.24,24.82,-2.56,3.52,-1.609437912,184.4,59.4,0.358,288.4,135,50.8,0.2583668,0.611609466,185.046729,32.37419167,6.831675453,3.104377104,443
M-150,139.586125,0.037054019,5.16677,0,3.50007,1.7983693,0.185773852,4.3884211,6.9251385,7.140342804,2790.0558,33.133996,24.733828,-4.222391113,4.889084446,-1.791775304,204.33742,74.00148,0.3466736,325.33984,146.00292,66.16799,0.304770399,0.628868358,226.5375469,37.34306716,7.142492075,2.761261261,510
M-151,141.18,0.02903714,5.2,0,3.6,1.832,0.194629561,4.406,7.248,7.2186,2910,33.98,24.7,-5.28,6.24,-1.609437912,209.4,82.8,0.332,335.2,149,76.2,0.320347883,0.557934415,247.9041916,33.66066412,7.315886462,2.528985507,498
M-152,138.45,0.034648859,5.25,0,3.75,1.7225,0.149280502,4.3625,6.95,7.037275,2777.5,33.875,24.75,-3.25,3.25,-1.386294361,202.25,59,0.38,311.5,148,50.5,0.174403175,0.68826917,190.3225806,28.76442175,6.893069222,3.427966102,504
M-153,138.1,0.031480181,5.4,0,3.8,1.85,0.18561882,4.4,7.34,7.20262,2959.4,33.62,24.66,-4.64,4.64,-1.609437912,222.6,76.6,0.362,351.2,158.6,69,0.231338811,0.660300875,240.1253918,34.96171869,7.256313856,2.906005222,552
M-154,139.83046,0.040740277,4.7773,0.1111,3.1108,1.718717,0.138372434,4.370674,5.831639,6.7594351,2275.26945,30.85247,24.61976,-8.98585688,9.77582232,-1.581035636,170.9829,54.8834,0.361075,273.0838,122.9877,44.6622,0.344225013,0.725100065,171.799194,20.92374499,6.970926235,3.115384615,486
M-155,139.725,0.023104619,5.5,0,4,1.905,0.190916694,4.425,7.8475,7.316225,3151.75,34.8,24.6,-6.5,6.5,-1.386294361,233.5,88.25,0.3475,370,165.5,82.25,0.223386762,0.568742303,270.4980843,29.82815617,7.507228766,2.645892351,454
M-156,139.45,0.042492507,5,0,3.5,1.7325,0.14368556,4.3825,6.1375,6.8569,2443.25,31.175,24.675,-2.75,3.75,-1.386294361,182,58.75,0.36,294.25,129.25,46.25,0.291182873,0.690922845,183.59375,25.41174111,7.084864499,3.09787234,440
M-157,145.66771,0.062482316,4.76461,0,3.23523,1.6558493,0.179879674,4.3187372,6.3098763,6.823475481,2413.4817,33.41699,24.805386,-1.937641385,2.82342353,-1.528451879,161.82025,57.99891,0.3446988,262.11237,114.29179,46.82267,0.393596779,0.678465196,177.0145087,28.73363984,6.488445562,2.790056744,600
M-158,145.488904,0.063051438,4.76688,0,3.23216,1.6553816,0.178876148,4.3180856,6.2975728,6.821912876,2410.6312,33.360916,24.804004,-1.924856365,2.789905171,-1.542597271,162.00456,57.66628,0.3455432,262.2482,114.47536,46.4582,0.390993814,0.680351873,176.2263911,28.99371863,6.482574017,2.809346467,491
M-159,144.88744,0.064975813,4.77773,0,3.22219,1.6544279,0.174999161,4.3177346,6.2543819,6.819354028,2401.0871,33.166335,24.810863,-1.876505679,2.666613334,-1.581087939,162.77615,56.44388,0.3488854,262.88626,115.22107,45.11066,0.381029929,0.686980286,173.3761768,29.68807889,6.479413004,2.883858268,559
M-160,144.185148,0.06679944,4.78933,0,3.21043,1.6531083,0.170497915,4.3167126,6.2045507,6.815469214,2389.9283,32.941117,24.815045,-1.817065486,2.526164213,-1.603549996,163.62667,55.05098,0.352621,263.57104,116.04915,43.57764,0.369599449,0.693909223,170.0734191,30.04717085,6.470216455,2.972275335,577
M-161,143.56,0.068128387,4.8,0,3.2,1.652,0.166322854,4.316,6.16,6.8123,2380,32.74,24.82,-1.76,2.4,-1.609437912,164.4,53.8,0.356,264.2,116.8,42.2,0.359130187,0.69947772,167.0807453,30.08837822,6.463810505,3.055762082,602
M-162,146.55,0.059043942,4.75,0,3.25,1.6575,0.185188977,4.32,6.3725,6.828325,2427.5,33.7,24.8,-2,3,-1.386294361,160.75,59.75,0.34,261.25,113.25,48.75,0.407485783,0.668029337,181.0606061,25.98020119,6.499837227,2.690376569,538
M-163,139.475,0.042590254,5,0,3.25,1.7075,0.155466769,4.37,6.27,7.054575,2577,32.45,24.875,-2.75,3.25,-1.386294361,187,69.25,0.335,302.25,132.5,60.75,0.283144854,0.492816148,208.2706767,26.95338969,6.964478818,2.700361011,433
M-164,141.125,0.040691228,4.75,0,3,1.5675,0.032333549,4.295,6.4575,6.9712,2539.5,34.375,25,-0.25,1.75,-1.386294361,165,43.25,0.3725,242.5,129.25,37,0.187340382,0.4298884,137.8486056,29.02115177,6.277388523,3.815028902,238
M-165,140.24,0.038738703,5,0,3.2,1.726,0.185530082,4.346,6.946,7.14976,2769,34.02,24.86,-3.68,4.64,-1.609437912,192.8,64,0.356,296,143.6,58.2,0.32206829,0.69856158,198.757764,33.37384844,6.738113651,3.0125,447
M-166,142.4,0.025864251,5,0,3.25,1.75,0.2022728,4.3575,7.355,7.25015,2913.75,35.3,24.85,-4.5,6,-1.386294361,196.25,72.5,0.34,301,146.75,68.75,0.351562354,0.637660707,219.6969697,29.08488618,6.845802642,2.706896552,448
M-167,138.55,0.034321619,5.25,0,3.5,1.7725,0.19328137,4.35,7.47,7.230175,2975.5,34.85,24.8,-4.5,4.5,-1.386294361,212.75,64.75,0.3775,321,158.75,59.75,0.250034346,0.771534462,208.0321285,29.79663795,6.775409391,3.285714286,493
M-168,140.865258,0.020917483,5.33328,0,3.66663,1.8199818,0.210997697,4.366623,8.1899181,7.390759425,3237.30096,36.832965,24.766419,-6.666533334,6.666533334,-1.098611302,223.99776,76.33257,0.3633297,335.99664,167.99832,74.33259,0.255156458,0.69208465,239.7868096,22.90428044,6.932249543,2.934497817,411
M-169,148.295637,0.058856706,4.39389,0,2.69694,1.5027111,0.078178539,4.2332904,6.1402491,6.740950707,2264.22045,34.778493,25.020963,0.404072323,1.065162571,-1.303361657,131.72553,37.57545,0.3593898,198.72459,101.30175,28.42407,0.271840583,0.436463906,117.3114321,24.94097762,5.755305351,3.505627478,292
M-170,149.960367,0.048607328,4.33317,0,2.66658,1.4899452,0.077690433,4.2265029,6.2230836,6.74003358,2271.58014,35.365143,25.032321,0.888871111,0.888871111,-1.098608342,126.99591,38.33193,0.3533196,190.99377,98.33034,29.66559,0.268721757,0.443917915,118.5498432,21.63834517,5.700159758,3.313058069,372
M-171,126.506432,0.013622572,7.84607,0,6.15378,1.7992125,0.053330621,4.703798,4.2707261,7.526039839,1889.51997,27.253567,24.561289,-3.124185799,3.124185799,-1.285286972,208.22897,109.99868,0.3299968,360.91968,151.92154,100.6143,0.214520904,0.303319075,328.3527004,17.06820437,10.83158417,1.893013353,140
M-172,126.76,0.013125994,8.65,0,7.1,1.82675,0.051343638,4.71125,4.1025,7.5761575,1762.82325,28.7075,24.5925,4.6125,8.6625,-1.572747898,189.05,100.575,0.3305,316.5,146.625,96.9,0.267203515,0.427338612,300.4480956,27.66425637,10.93495255,1.879691772,170
M-173,128.785,0.0363499,7.75,0,5.975,1.748,0.078065666,4.5875,3.97425,7.5103675,1799.1,28.4375,25.02,-3.3525,4.1625,-1.572747898,219.425,118.575,0.3215,364.425,168.225,118.5,0.251841141,0.289520844,349.5210022,20.17363337,9.320870273,1.850516551,157
M-174,127.446148,0.038943446,8.3331,0.08333,6.49982,1.8241128,0.059485167,4.7940264,4.1815438,7.447411827,1718.385459,28.607488,24.965929,-5.194148892,9.527162232,-1.676208875,159.49457,123.58037,0.32249,299.65744,145.32911,102.1639,0.400759217,0.484399306,364.8075158,18.75471206,12.13954831,1.290614116,280
M-175,128.86,0.041513502,8.2,0,6.2,1.769,0.082286274,4.595,3.921,7.72921,1702.2,29.78,25.47,-3.36,3.36,-1.313834033,211.7,112.8,0.302,327,177.3,123,0.259844974,0.319045492,323.2091691,15.23461674,9.412675665,1.87677305,147
M-176,126.64,0.013352622,8.725,0,7.15,1.831375,0.05084858,4.735625,4.12125,7.57969875,1760.888625,28.77375,24.67625,3.878125,8.340625,-1.601059295,183.825,105.9875,0.32825,314.25,147.3125,98.85,0.291639227,0.44681205,315.5563826,27.3190876,11.2788242,1.734402642,167
M-177,128.5525,0.036166759,7.875,0,6.0875,1.757,0.078376793,4.61875,4.000125,7.51756375,1795.15,28.51875,25.08,-3.793125,4.515625,-1.601059295,212.5125,122.9875,0.31975,359.5125,167.7125,119.25,0.286089589,0.308981159,361.5950018,20.10392528,9.708379274,1.727919504,165
M-178,128.62204,0.041124132,8.29992,0,6.29994,1.7768158,0.081664386,4.625788,3.9497947,7.724170942,1703.61634,29.786369,25.504746,-3.626601334,3.626601334,-1.356526922,205.21442,117.5323,0.3013303,324.16334,176.28154,123.49878,0.291256182,0.340765069,336.4459629,15.58822006,9.797479219,1.746025731,138
M-179,128.38408,0.040644437,8.39984,0,6.39988,1.7846316,0.080809037,4.656576,3.9785894,7.719131884,1705.03268,29.792738,25.539492,-3.839861334,3.839861334,-1.379285819,198.72884,122.2646,0.3006606,321.32668,175.26308,123.99756,0.319632495,0.353515403,349.6574053,15.7135761,10.19530383,1.625399666,142
M-180,129.0175,0.036441693,7.625,0,5.8625,1.739,0.077399395,4.55625,3.948375,7.50317125,1803.05,28.35625,24.96,-2.838125,3.740625,-1.515494886,226.3375,114.1625,0.32325,369.3375,168.7375,117.75,0.212600069,0.258972491,337.3845586,19.88135479,8.94633742,1.982590605,229
M-181,129.09408,0.041816618,8.09984,0,6.09988,1.7611316,0.082675138,4.564076,3.8920894,7.734016884,1700.73268,29.772738,25.434492,-3.039885334,3.039885334,-1.242193919,218.17884,108.0646,0.3026606,329.82668,178.31308,122.49756,0.224326614,0.28392766,309.9340149,14.52565822,9.038933796,2.018966803,141
M-182,128.7649,0.040728384,7.8881,0.1111,6.2216,1.794265,0.061506401,4.619538,3.989601,7.39241624,1673.945144,28.54159,24.39756,0.88871112,11.3557532,-1.581035636,186.5369,82.4362,0.338855,296.8592,137.2085,86.2136,0.288180328,0.421907811,249.3740405,22.89359182,9.718321531,2.262803235,207
M-183,128.011706,0.039136404,8.27234,0.0909,6.54516,1.8153648,0.060220468,4.71613,4.071618,7.437653542,1683.829829,28.789472,24.707858,-1.52029522,10.77566053,-1.767719932,169.90103,103.44977,0.3299833,293.0772,141.1751,94.54104,0.353702391,0.527342715,308.7975867,23.22814288,11.00308853,1.642352902,208
M-184,128.674878,0.046895717,8.12234,0.0877,6.38564,1.8056676,0.065761263,4.7024864,4.098842,7.416123374,1692.892523,28.855872,24.721082,-4.14736871,12.76456048,-1.857662428,167.90213,101.95919,0.3278715,289.66728,139.13194,93.04728,0.357061253,0.531128664,303.3919556,22.00026075,10.81347522,1.646758178,272
M-185,128.65577,0.036861173,7.68636,0.07462,5.9103,1.7821862,0.068417536,4.6416536,4.2934578,7.314255866,1774.504178,28.809586,24.742544,-5.729029308,13.03541381,-1.921149314,171.53261,90.29613,0.3461089,290.02208,139.35436,80.47544,0.318070341,0.630028642,276.1809421,22.61582858,10.00083724,1.89966735,576
M-186,128.738496,0.036501714,7.60831,0.07246,5.82579,1.7777369,0.069096979,4.6316518,4.3228293,7.29768907,1786.506622,28.811603,24.746589,-6.140979203,13.19759775,-1.913433427,171.74505,88.54618,0.3482436,289.60868,139.10897,78.60464,0.313121743,0.643319564,271.7155674,22.28098739,9.872233399,1.93960993,578
M-187,128.821504,0.036147512,7.53497,0.07042,5.74629,1.7736079,0.069654839,4.6223946,4.3507203,7.282344514,1797.907075,28.814629,24.751371,-6.498391402,13.32197673,-1.902962087,171.95263,86.89846,0.3502716,289.23068,138.88311,76.8424,0.308388744,0.655770741,267.4916473,21.94841486,9.754434636,1.978776494,595
M-188,128.89623,0.035800921,7.46544,0.06849,5.67099,1.7696544,0.070110861,4.6135122,4.3769538,7.267632192,1808.62946,28.816656,24.755175,-6.807549852,13.41234191,-1.890377925,172.14384,85.33872,0.3521781,288.86508,138.66564,75.17472,0.303868948,0.667475688,263.4635229,21.61966916,9.642508723,2.01718329,599
M-189,128.969394,0.0354604,7.3998,0.06666,5.59986,1.7659478,0.070477436,4.6051968,4.401873,7.253855386,1818.817394,28.819138,24.75926,-7.074948455,13.47462846,-1.876243137,172.32861,83.86445,0.3539893,288.5256,138.46284,73.598,0.299537885,0.678476504,259.6379596,21.29864575,9.538699455,2.054846958,588
M-190,128.45382,0.042333347,8.3325,0.1111,6.666,1.812041,0.066565847,4.763968,4.025153,7.33408874,1655.502544,29.11931,24.61976,-2.9623704,11.65199024,-1.581035636,167.2055,109.989,0.332189,303.303,139.2083,93.9906,0.395536659,0.530268944,329.4015822,18.80007272,11.68995969,1.52020202,208
M-191,129.647996,0.046973948,7.5451,0.0909,5.63611,1.7517313,0.079540627,4.6161345,3.9679863,7.384492298,1713.143056,28.5713,25.053297,-8.79230251,9.321180528,-1.767719932,194.44538,117.99457,0.3227109,331.80273,158.62886,111.9948,0.367257032,0.415378093,348.4319178,16.38697282,9.675440043,1.647918036,204
M-192,128.825886,0.051516795,7.51042,0.10638,5.61686,1.7856916,0.068153457,4.7139019,4.2285953,7.350486907,1764.273628,27.933199,24.790745,-12.02269314,12.02269314,-1.689764662,172.78217,112.80523,0.3253095,313.01212,141.71927,96.25252,0.376136524,0.47627667,334.391043,12.76455438,10.97193539,1.531685809,272
M-193,127.945304,0.03951623,8.4546,0.0909,6.72734,1.8209112,0.062107283,4.743641,4.080916,7.394195902,1676.644977,28.772732,24.945462,-2.511966938,11.23941421,-1.51569913,148.63702,120.3646,0.3299996,278.18356,140.09158,101.27342,0.417835644,0.545753076,359.2970989,18.61758322,11.39386015,1.234889826,239
M-194,130.841706,0.046956604,6.9999,0.1111,5.11106,1.7144112,0.075106395,4.4588015,3.8565942,7.303633771,1710.24834,27.966104,24.999508,-7.258611858,8.048719512,-1.522937865,200.21939,107.1098,0.3333263,322.77351,156.21993,111.88745,0.354911275,0.446189651,321.32601,14.3973511,7.857942225,1.869291045,396
M-195,140.64,0.051778016,4.6,0.1,2.9,1.592,0.029435614,4.35,5.144,6.70972,2064.5473,30.04,24.55,-10.96,12.24,-1.470808476,158,59.6,0.355,262.8,110.4,48.2,0.374863111,0.648102913,184.8062016,14.28742547,6.775409391,2.651006711,418
M-196,149.7158,0.050428592,4.274,0.09,2.366,1.46804,0.082640845,4.17626,6.34932,6.8351212,2376.30257,37.3454,25.1464,-5.62016,8.27008,-1.767126323,131.776,44.566,0.34088,195.364,101.756,41.1,0.310117899,0.386365357,135.2287899,29.29431142,5.305485982,2.956872952,396
M-197,151.198488,0.050120523,4.11107,0.11111,2.2222,1.4610965,0.091109338,4.1599584,5.9566071,6.675244358,2173.697485,36.410747,25.088638,-7.40725926,9.777582223,-1.581087939,117.88771,40.66626,0.3388855,179.77598,89.22133,34.88854,0.2667325,0.411310886,123.0233492,21.16807152,5.182435743,2.898907104,338
M-198,141.33192,0.038533917,4.55551,0.11111,2.66664,1.5722065,0.031557917,4.2932904,6.1166055,6.861642494,2361.028945,33.699663,24.910862,-8.394893828,9.58005531,-1.581087939,155.88733,41.1107,0.3722185,227.10884,122.99877,36.44408,0.249556267,0.451070301,130.971365,22.64308802,6.262411363,3.791891892,341
M-199,130.075184,0.049478021,7.3996,0.12,5.45569,1.7471917,0.079750834,4.6053675,3.9494787,7.339708562,1688.1832,28.56257,25.025943,-10.06362913,10.55918881,-1.783193489,190.87772,114.98563,0.3242241,324.51027,155.88764,109.434,0.382165692,0.443371719,340.3069864,14.96598656,9.540821067,1.66001369,487
M-200,128.213576,0.04205475,8.3574,0.1071,6.60746,1.8171528,0.063561372,4.735379,4.068604,7.369098538,1663.401785,28.764308,24.932178,-3.263356634,11.68253216,-1.529911565,147.46738,118.6474,0.3307124,275.07964,138.89602,100.03898,0.421513705,0.559118545,354.5483287,17.89586211,11.27530927,1.242904438,279
M-201,139.93466,0.040484602,4.7392,0.1304,2.8262,1.694786,0.147343102,4.358264,5.894448,6.91520674,2362.684079,31.90884,24.78698,-10.01727024,10.39537232,-1.59266796,173.4384,63.3494,0.339564,276.3982,124.7412,57.001,0.349025332,0.556982695,191.8411474,21.26995407,6.853007443,2.737806514,483
M-202,130.420706,0.060496416,7.27236,0.13636,5.36336,1.7694574,0.075156055,4.6702218,4.190696,7.276870396,1717.738695,28.339468,24.762396,-14.38692301,16.70063707,-1.869955338,164.17371,103.13135,0.3249841,291.07664,134.72066,90.08648,0.391525804,0.535641598,305.5671726,12.32003789,10.37588239,1.591889469,641
M-203,149.4206,0.050257036,4.218,0.13,2.262,1.47428,0.082848059,4.18082,6.21924,6.7977884,2312.88149,36.9478,25.1048,-8.37984,10.80192,-1.78659769,129.632,43.662,0.34216,191.348,100.492,40.7,0.317744914,0.397506164,132.7435243,25.97724317,5.340338916,2.968989052,427
M-204,140.006326,0.039923624,4.68407,0.15789,2.94728,1.7131065,0.135870957,4.3661848,5.7035131,6.719156314,2204.798012,30.720131,24.599262,-11.12398627,11.833085,-1.603549996,166.36343,53.26156,0.3615681,264.2026,120.36481,43.99868,0.364052535,0.738716017,166.8511865,18.27196044,6.928076594,3.123517787,516
M-205,127.048,0.03689369,8.31,0.07,6.44,1.823,0.061356326,4.8291,4.2665,7.401933,1769.38311,28.048,25.227,-8.4168,8.4168,-1.166408852,144.36,147.22,0.3216,302.76,147.18,112,0.462961717,0.405744276,434.0212264,8.742865663,12.68227577,0.980573292,167
M-206,128.473568,0.044263955,8.2632,0.1228,6.49128,1.8135104,0.064887289,4.727372,4.056672,7.344775784,1650.567333,28.756144,24.919304,-3.963989606,12.08969672,-1.541054375,146.33384,116.9832,0.3314032,272.07152,137.73736,98.84264,0.424990632,0.572035354,349.9364639,17.18488908,11.16139997,1.250896197,291
M-207,129.16196,0.05150165,7.3068,0.1795,5.3326,1.782123,0.066785293,4.695925,4.138276,7.26637908,1692.887104,27.84595,24.73084,-11.6541922,11.6541922,-1.608030569,168.3133,108.0886,0.330994,301.706,138.8298,93.1166,0.399680605,0.528013683,323.1319301,10.97965787,10.72326188,1.557179018,538
M-208,129.243578,0.051899164,7.28565,0.18367,5.30608,1.7814111,0.066998162,4.6942396,4.1348581,7.26054627,1689.193946,27.850741,24.730366,-11.79479544,11.79479544,-1.608580879,167.89645,107.67256,0.3312211,300.73208,138.50895,92.81552,0.40129971,0.531632203,321.9974793,10.79740622,10.70019067,1.5593244,529
M-209,130.1746,0.056329964,7.0008,0.2381,4.953,1.770181,0.069475443,4.667143,4.085664,7.17637588,1639.008421,27.88373,24.69772,-13.4262114,13.4262114,-1.605163414,162.2563,102.1074,0.333842,287.6524,134.1578,88.7722,0.421887799,0.578915827,306.5561023,8.448210034,10.33490875,1.589074837,487
M-210,130.73238,0.058489092,6.8175,0.2727,4.7268,1.762551,0.070739474,4.648626,4.053231,7.1208333,1606.604687,27.89721,24.67026,-14.27813568,14.27813568,-1.594107277,158.6205,98.5356,0.335421,279.2448,131.3505,86.1732,0.434245372,0.608861381,296.5354006,7.016132123,10.09131218,1.609778598,484
M-211,131.285716,0.055735631,7.18151,0.27272,5.27249,1.7662922,0.072633627,4.5852696,3.8898419,7.093147088,1532.11381,28.480678,24.599014,-6.2144767,13.88320795,-1.594141457,146.44837,88.7234,0.3445318,246.8985,124.44931,83.08733,0.437890575,0.704467047,270.7176336,14.09290916,9.293712976,1.650617199,573
M-212,128.3,0.040206455,7.2,0.1,5.4,1.772,0.058907397,4.628,4.17,7.36355,1806.0473,27.16,24.41,-6.96,6.96,-1.313834033,204.2,94.8,0.337,341.6,143.5,91.4,0.246612713,0.335761333,285.9728507,12.76903146,9.825623114,2.154008439,620
M-213,128.6136,0.038883333,7.9,0.02,6.076,1.76288,0.078678922,4.6426,4.01328,7.4939808,1774.04546,28.594,25.1212,-5.265344,5.88,-1.675288267,203.148,125.332,0.31904,349.588,165.316,118.24,0.3284901,0.342882895,368.1038534,19.44566216,10.01307807,1.620878946,180
M-214,133.08311,0.063097654,6.08793,0.41176,3.8233,1.7334576,0.073381985,4.5783403,3.9265969,6.904123098,1477.977692,27.975358,24.581362,-16.31365053,16.31365053,-1.492929843,144.16948,84.28954,0.3420457,245.75204,120.20013,75.81962,0.47665075,0.728507429,256.2170047,2.032435097,9.209762256,1.710407721,657
M-215,131.77872,0.061214517,6.501,0.3333,4.3342,1.750189,0.072350953,4.618829,3.998794,7.0277068,1550.874451,27.93609,24.63584,-15.44648868,15.44648868,-1.560812675,152.3555,92.3494,0.338364,264.7092,126.518,81.6798,0.454124616,0.660845475,279.1547014,4.679793729,9.709375641,1.649772494,506
M-216,129.902,0.051359495,6.74,0.2,4.74,1.7576,0.05876052,4.5015,4.0772,7.273525,1693.4846,26.982,24.65,-8.6088,8.6088,-1.166408852,171.51,83.68,0.3419,270.83,133.03,87.45,0.34816766,0.546014031,254.3078559,7.814793837,8.320387002,2.04959369,582
M-217,132.262806,0.05834706,6.83309,0.33333,4.83314,1.7532793,0.074267514,4.5598604,3.8482133,7.000913146,1482.236043,28.465811,24.565926,-7.666346667,14.11027557,-1.560688966,141.16185,83.33024,0.3466565,234.99164,120.16259,78.8305,0.452346549,0.749533393,255.0886019,11.56766465,8.988956561,1.694005081,651
M-218,135.13896,0.056828221,5.57121,0.42857,3.28555,1.6785197,0.069214695,4.4198646,3.6941688,6.848534421,1432.578324,28.284866,24.599254,-15.18282939,15.50932735,-1.475049502,168.85036,72.99683,0.3442759,258.41773,127.99506,80.56804,0.472869502,0.628366417,222.6449508,2.386739637,7.455105456,2.313119077,644
M-219,128.9072,0.041512879,7.8,0.04,5.952,1.75976,0.078971163,4.6352,4.00056,7.4632016,1756.89092,28.588,25.1024,-6.322176,6.912,-1.713004544,200.696,123.264,0.32008,344.576,163.432,116.48,0.339804415,0.364110664,362.5838334,18.70082832,9.917697715,1.628180166,170
M-220,127.4808,0.03079964,7.43318,0.05,5.69988,1.7809642,0.056043012,4.64724,4.2132482,7.439941334,1854.48559,27.096126,24.421178,-4.939845334,4.939845334,-1.242193919,210.92898,98.73128,0.33516,354.79264,147.41364,94.69804,0.201999763,0.282053806,297.0076409,14.21369231,10.07327312,2.136394666,474
M-221,129.3476,0.044916418,7.65,0.07,5.766,1.75508,0.079336266,4.6241,3.98148,7.4170328,1731.15911,28.579,25.0742,-7.816464,8.37,-1.750416205,197.018,120.162,0.32164,337.058,160.606,113.84,0.356199148,0.394726857,354.2720679,17.37854097,9.776047543,1.639603202,182
M-222,129.4944,0.04592931,7.6,0.08,5.704,1.75352,0.07943841,4.6204,3.97512,7.4016432,1722.58184,28.576,25.0648,-8.290304,8.832,-1.759452251,195.792,119.128,0.32216,334.552,159.664,112.96,0.361521253,0.404663199,351.4929777,16.90928672,9.729207168,1.64354308,182
M-223,128.08181,0.04826393,8.42833,0.14285,6.42839,1.8413741,0.052845598,4.797003,4.1098823,7.556565495,1590.561973,29.813395,24.884966,-4.979253882,10.69310532,-1.475049502,162.99609,94.5688,0.3128473,268.70801,143.4247,89.1403,0.318886054,0.54103191,275.2482818,14.52787387,12.18484308,1.723571516,166
M-224,128.22466,0.048271922,7.71408,0.14285,5.71414,1.8070901,0.061883172,4.7755755,4.1970208,7.41944378,1700.875028,28.470605,24.742116,-10.20333552,10.20333552,-1.475049502,179.28099,105.7111,0.3199898,314.27716,145.1389,92.5687,0.339589535,0.462638455,310.9103363,10.65670453,11.86190094,1.695952365,166
M-225,129.346116,0.048908132,7.41643,0.16666,5.58316,1.7782788,0.067746287,4.6673583,4.0657117,7.236786518,1685.680204,27.965786,24.582584,-7.555057786,12.1103289,-1.748129393,172.16237,103.33049,0.3374904,303.9095,136.49593,91.3307,0.391567263,0.537026305,311.9365817,16.94600366,10.33776964,1.666133297,601
M-226,130.132032,0.054467625,7.44437,0.22222,5.5555,1.7799822,0.073679454,4.7232861,4.0144043,7.141350808,1608.507915,28.577492,24.599754,-10.17263605,14.51822815,-1.581087939,160.33173,106.99893,0.3355522,294.88594,133.22089,88.888,0.443673148,0.578234977,322.0687314,10.97273769,11.10364365,1.498442368,496
M-227,129.68445,0.049761101,7.63597,0.18181,5.81788,1.7880918,0.066718844,4.6370383,3.9761625,7.287279311,1611.59938,28.644016,24.535129,-3.900377202,12.6268354,-1.767719932,168.81011,87.63143,0.3372561,277.44068,133.35684,85.45004,0.364527889,0.569103225,264.4503556,19.78643889,9.941321019,1.92636489,458
M-228,129.652888,0.053296102,7.17648,0.19608,5.19608,1.7854872,0.0731427,4.6843144,4.17292,7.232322688,1698.024346,27.876464,24.707848,-12.13386962,12.13386962,-1.674371206,168.07768,106.3528,0.3313728,300.23392,137.60768,91.88224,0.406867215,0.539240906,318.1228643,11.50527716,10.56516337,1.580378514,608
M-229,129.782248,0.054649902,7.15688,0.19608,5.17648,1.7745112,0.068695711,4.6784344,4.18762,7.225786088,1695.084346,28.027384,24.717648,-13.31756536,13.31756536,-1.674371206,166.35288,104.3144,0.3343128,295.54952,137.35288,90.02024,0.403312464,0.561021052,313.4036526,10.28065204,10.48584094,1.594725944,569
M-230,129.52,0.053380714,7.2,0.2,5.2,1.778,0.067809525,4.686,4.12,7.23512,1674.0946,27.86,24.72,-12.32,12.32,-1.609437912,166.2,106,0.332,296.8,137.2,91.6,0.407645725,0.545899632,317.3652695,10.08218403,10.58799446,1.567924528,501
M-231,127.675,0.046699273,8.25,0.125,6.25,1.8275,0.062793529,4.86,4.24,7.3869125,1694.309125,28.625,25.2375,-10.625,10.625,-1.386294361,139.5,140.5,0.31625,289,145.375,106.75,0.456591998,0.454430423,410.9689214,8.904190604,13.17703245,0.992882562,226
M-232,132.428036,0.068491719,6.6664,0.16666,4.66648,1.7382638,0.081316647,4.6264816,4.241497,7.166996642,1718.84341,28.3322,24.782342,-21.55383115,21.55383115,-1.791727798,157.32704,98.49606,0.3216538,279.9888,128.16154,84.9966,0.412812341,0.562669802,290.4005654,4.052330493,9.806296846,1.597292724,627
M-233,131.102456,0.063223642,6.90876,0.18181,4.90886,1.7562769,0.076167706,4.6534053,4.186151,7.197760126,1698.454396,28.116763,24.753306,-17.91531741,17.91531741,-1.767719932,161.35581,101.9042,0.3263476,287.62244,132.26636,87.99578,0.411401222,0.556085747,302.5423794,7.048068292,10.15372229,1.583406866,688
M-234,129.861472,0.048965799,6.83306,0.16666,4.83314,1.7532632,0.070215048,4.6214818,4.3181606,7.153680508,1760.00843,28.032212,24.74901,-14.8876978,14.8876978,-1.791727798,168.3266,93.3296,0.3466528,293.3216,136.16122,78.99684,0.368510466,0.642204962,285.6967934,11.33171235,9.742882892,1.803571429,649
M-235,129.594816,0.05240382,7.1151,0.1923,5.11518,1.7722368,0.068613475,4.670967,4.1656026,7.216103652,1693.869358,27.898884,24.725934,-13.07587694,13.07587694,-1.710531661,166.68564,103.0728,0.3353712,295.98816,136.95606,88.68876,0.398830419,0.568457977,310.166517,11.01469809,10.38582007,1.617164179,558
M-236,129.804304,0.049761385,6.89641,0.17241,4.89645,1.7575508,0.069998215,4.6326653,4.2840543,7.167814422,1745.21995,28.00289,24.744333,-14.57732067,14.57732067,-1.78862095,167.96218,95.5152,0.3441312,293.92512,136.34209,81.17066,0.3754353,0.625836985,291.2631307,11.37669842,9.885201969,1.758486398,625
M-237,139.77638,0.047365688,4.4444,0.22222,2.55553,1.6022062,0.023496755,4.3244012,5.1488374,6.600878435,1972.52983,30.266364,24.55531,-15.40709926,16.19720692,-1.581087939,150.77627,44.33289,0.3788851,235.21987,111.44333,35.99964,0.359381438,0.757352319,142.7526211,10.52369044,6.539670622,3.401002506,438
M-238,128.05,0.045888407,8.5,0.125,6.625,1.83,0.063432715,4.81625,4.1275,7.3675875,1643.030375,29.025,25.1875,-6.625,11.75,-1.386294361,131.125,133.75,0.3225,266.75,140.625,104.625,0.440323489,0.522010933,394.8339483,12.31313407,12.48113648,0.980373832,225
M-239,138.825,0.049273969,4.75,0.25,3,1.7425,0.140478087,4.4275,4.79,6.6682,1975.36825,27.875,24.2,-14,14,-1.386294361,179.25,84.5,0.3325,317.75,113.25,73,0.457161772,0.521012553,253.1835206,8.768774894,7.53271297,2.121301775,606
M-240,137.38,0.049253936,4.8,0.2,3,1.72,0.12995194,4.402,4.894,6.6842,2018.2946,28.08,24.34,-12.16,12.16,-1.609437912,179.2,73.6,0.35,309.4,116.8,61.6,0.40901239,0.611539842,226.4615385,14.84815537,7.276126305,2.434782609,556
M-241,135.65,0.070272352,7,0.25,5,1.74,0.095909881,4.6025,4.0425,7.04505,1490.56075,30.525,24.95,-23.25,25.25,-1.386294361,109,83.5,0.3175,189,110.5,73.5,0.214372871,0.808117055,244.6886447,-6.06928335,9.505233349,1.305389222,537
M-242,142.3,0.026975541,4.5,0.25,2.75,1.7275,0.145374775,4.3775,5.6575,6.6663,2129.11825,31.025,24.5,-15.25,16.25,-1.386294361,158,57.25,0.3475,251.25,114.75,50.25,0.433001138,0.72876065,175.4789272,9.290950355,7.036503832,2.759825328,509
M-243,140.16,0.039147616,4.6,0.2,2.8,1.708,0.133479189,4.362,5.588,6.68268,2141.2946,30.6,24.58,-12.8,13.44,-1.609437912,162.2,51.8,0.362,256.2,118,43.4,0.380797549,0.750506058,162.3824451,15.85410096,6.88833036,3.131274131,537
M-244,140.18,0.039214251,4.6,0.2,2.6,1.688,0.142544951,4.352,5.694,6.84082,2248.2946,31.62,24.74,-12.96,13.28,-1.609437912,166.2,60.2,0.342,262.6,120.6,55,0.379269517,0.589492734,182.9787234,17.12593982,6.794121672,2.760797342,509
M-245,143.975,0.012133785,4.25,0.25,2.25,1.5625,0.028755521,4.29,5.9775,6.7806,2225.36825,34.225,24.825,-16,17.5,-1.386294361,141,41.75,0.36,199.5,114.75,41,0.318083327,0.474340704,130.46875,9.65036101,6.233669216,3.377245509,458
M-246,132,0.052486388,6.6,0.2,4.6,1.706,0.074754038,4.476,3.816,7.19394,1632.2946,28.28,24.76,-10.88,11.52,-1.609437912,203.2,92.6,0.334,320.2,150,100,0.340861108,0.432105809,278.0780781,10.96283016,8.041562971,2.194384449,604
M-247,131.31,0.04940965,6.87,0.14,4.93,1.7108,0.075941426,4.4772,3.8286,7.294884,1676.18622,28.361,24.85,-8.672,9.408,-1.595081911,212.08,97.31,0.3304,333.16,156.81,106.21,0.299779078,0.377736114,290.651135,13.55809884,8.054507134,2.179426575,735
M-248,131.655,0.051046778,6.735,0.17,4.765,1.7084,0.075364907,4.4766,3.8223,7.244412,1654.24041,28.3205,24.805,-9.83,10.518,-1.605968246,207.64,94.955,0.3322,326.68,153.405,103.105,0.320886995,0.405369448,284.3815514,12.25877936,8.048032884,2.186720025,636
M-249,132.345,0.053746532,6.465,0.23,4.435,1.7036,0.074107719,4.4754,3.8097,7.143468,1610.34879,28.2395,24.715,-11.822,12.414,-1.606138436,198.76,90.245,0.3358,313.72,146.595,96.895,0.359857753,0.458135822,271.7404396,9.682981047,8.035097393,2.202448889,609
M-250,132.69,0.054841684,6.33,0.26,4.27,1.7012,0.073424764,4.4748,3.8034,7.092996,1588.40298,28.199,24.67,-12.656,13.2,-1.59647964,194.32,87.89,0.3376,307.24,143.19,93.79,0.377986698,0.483605561,265.3683575,8.428349916,8.028636148,2.2109455,617
M-251,141.125,0.040691228,4.25,0.25,2.25,1.595,0.021028852,4.3025,5.28,6.58025,1952.86825,31.075,24.7,-16.25,17.25,-1.386294361,137.25,33.75,0.3775,202.25,108,27.75,0.296512085,0.477935662,108.4337349,6.259432143,6.343446392,4.066666667,632
M-252,128.85378,0.017756992,6.3327,0,4.6662,1.706496,0.051603633,4.43289,4.562877,7.13831943,2043.4623,26.664,24.46422,-4.4435556,4.4435556,-1.098602422,206.646,77.6589,0.376629,340.6326,139.986,71.6595,0.179164712,0.521480896,249.1578851,14.22210306,7.587902254,2.660944206,456
M-253,128.876,0.018239409,6.343,0,4.639,1.70868,0.052463273,4.429,4.59237,7.1564326,2039.969,26.832,24.5258,-4.722916,4.722916,-1.095386964,203.727,74.66,0.37622,331.887,139.999,69.725,0.176031974,0.532781085,239.3792683,13.85629529,7.548038066,2.728730244,469
M-254,139.17424,0.047297859,4.9332,0,3.3998,1.670643,0.117069953,4.361311,5.910757,6.81946366,2362.1241,31.01399,24.66679,-2.84334204,3.98140428,-1.50647952,176.4562,54.7243,0.370002,284.1745,126.0641,41.9923,0.283723739,0.708260111,173.728488,26.7437362,6.881804658,3.224457873,718
M-255,142.72525,0.051484779,4.7691,0,3.2306,1.65149,0.138661208,4.336121,6.168478,6.82021448,2388.3496,32.50855,24.78469,-1.7034272,3.21829584,-1.498611682,163.3737,51.2269,0.35846,258.1337,119.7628,40.1507,0.319211704,0.686322503,159.6997849,28.0559028,6.646734882,3.189216993,657
M-256,131.62,0.063841611,6.75,0.35,4.45,1.7705,0.072825191,4.653,4.0135,7.118015,1494.61555,28.535,24.84,-16.22,16.22,-1.482887105,139.8,90.25,0.329,237.55,127.3,81.1,0.431548094,0.703368775,269.0014903,2.207809865,10.14841726,1.549030471,451
M-257,130.92,0.061099144,6.9,0.3,4.7,1.773,0.071211322,4.664,4.049,7.15705,1554.4419,28.31,24.8,-15.12,15.12,-1.557113098,148.6,95.5,0.33,257.3,130.6,84.6,0.431497386,0.650366315,285.0746269,5.0047637,10.29321989,1.556020942,467
M-258,130.22,0.057663196,7.05,0.25,4.95,1.7755,0.069540767,4.675,4.0845,7.196085,1614.26825,28.085,24.76,-13.82,13.82,-1.596804335,157.4,100.75,0.331,277.05,133.9,88.1,0.422776508,0.598058131,301.1958146,7.6120417,10.4397402,1.562282878,516
M-259,148.43,0.046465611,3.95,0.25,1.9,1.517,0.07352619,4.2415,5.379,6.555135,1897.01825,33.315,24.85,-12.12,13.08,-1.376226604,112.95,36.8,0.3485,167.4,88.9,32.3,0.288173131,0.450677525,112.9700691,9.586889508,5.822598284,3.069293478,824
